product_image,product_price,product_rating,product_title
https://m.media-amazon.com/images/I/71FNMjCAy8L._AC_UL400_.jpg,23,,"Baby Crib Mobile for Boys Girls| Boho Nursery Mobile| Gender Neutral Hand-Crocheted Mobile| Ceiling Mobile - Stars, Clouds, Moon"
https://m.media-amazon.com/images/I/51oGNNNOAEL._AC_UL400_.jpg,29,,"Tiny Love Take Along Mobile Magical Tales, Black/White 1 Count (Pack of 1)"
https://m.media-amazon.com/images/I/615UcnPf17L._AC_UL400_.jpg,33,,"Eners Baby Crib Mobile with Music and Lights, Mobile for Crib with Remote Control, Rotation, Moon and Star Projection, Baby Crib Toys for Boys Girls (Blue)"
https://m.media-amazon.com/images/I/51pt+xQy3gL._AC_UL400_.jpg,34,,The Peanutshell Nautical Musical Crib Mobile
https://m.media-amazon.com/images/I/51hQGJmffyL._AC_UL400_.jpg,28,,"Eners Baby Musical Crib Mobile with Night Lights and Rotation, Rattles, Remote Control,Comfort Toys for Newborn Infant Boys Girls Toddles (Green)"
https://m.media-amazon.com/images/I/61rdet8KbLL._AC_UL400_.jpg,34,,"Lcasio Baby Musical Crib Mobile with Night Lights and Relaxing Music,Hanging Rotating Animals Rattles,Stars Projection,Remote Control,for Boy Girl Newborn Baby Toys（Blue）"
https://m.media-amazon.com/images/I/7108aOO8rgL._AC_UL400_.jpg,29,,"Baby Mobile for Crib - Rainbow Baby Mobile - Crib Mobile for Girls - Boho Crib Mobile - Boho Nursery Decor - Mobile for Bassinet, Pack N Play - Pink"
https://m.media-amazon.com/images/I/61y8SjecPcL._AC_UL400_.jpg,23,,Baby Mobile for Crib | Baby Crib Nursery Mobile Star Moon for Baby Boys and Girls | Boho Nursery Decor | Baby Shower Set for Infant Bedroom Hanging Decoration
https://m.media-amazon.com/images/I/61p5u8T4UWL._AC_UL400_.jpg,39,,The Peanutshell Safari Animals Musical Crib Mobile for Baby Boys & Girls | Digital Music Box with 12 lullabies…
https://m.media-amazon.com/images/I/61xZW-xy8qL._AC_UL400_.jpg,14,,"12"" Screen Magnifier for Smartphone 3D HD Mobile Phone Screen Magnifier Video Expandable HD Screen Foldable for Watching Movies Videos, Playing Games, for All Smartphones (Black)"
https://m.media-amazon.com/images/I/7177G3UViTL._AC_UL400_.jpg,18,,Woodland Ocean Mobile for Crib Jungle Baby Nursery Mobiles Forest Safari Mobile for Crib Baby Mobiles Animals Woodland Nursery Decor for Baby Boys Toys Girls Room Decor (Land Animal)
https://m.media-amazon.com/images/I/61GgcDmx7FL._AC_UL400_.jpg,22,,Baby Mobile for Crib Crib Nursery Mobile for Boys Girls Boho Bee Flower Nursery Decor Soothe Toy Baby Shower Set for Infant Bedroom Hanging Decoration Toy(Bee)
https://m.media-amazon.com/images/I/61JakIw6n5L._AC_UL400_.jpg,29,,Lanttoe Wooden Floor-Standing Crib Mobile Arm 61 Inches for Baby Nursery-Movable Baby Mobile Hanger with Strong Anti-Dumping Attachment-100% Natural Beech Wood-Thicker Wooden Pole-Nursery Decor
https://m.media-amazon.com/images/I/51OrmSZeYzL._AC_UL400_.jpg,34,,The Peanutshell Woodland Musical Crib Mobile for Girls
https://m.media-amazon.com/images/I/71Rae8UdL1L._AC_UL400_.jpg,32,,"teytoy My First Baby Crib Mobile, Black and White Baby Mobile for Crib, High Contrast Mobile Toy for Newborn Infants Boys and Girls"
https://m.media-amazon.com/images/I/61PC4mm6OAL._AC_UL400_.jpg,34,,The Peanutshell Space Musical Crib Mobile
https://m.media-amazon.com/images/I/718ZanzPpNL._AC_UL400_.jpg,29,,First Landings Woodland Baby Mobile for Crib - Baby Nursery Mobiles - Woodland Nursery Decor Theme - Gender Neutral Baby Stuff - Animals Forest Nursery Decor Baby Mobile - Woodland Baby Stuff
https://m.media-amazon.com/images/I/71cMPJ5iF2L._AC_UL400_.jpg,34,,Babale | Montessori-Inspired Baby Mobile for Crib - Stimulating Black & White Design for Newborn Engagement - Perfect Baby Crib Mobile for Boys & Girls - Enhances Visual Development
https://m.media-amazon.com/images/I/61DcjfKGlrL._AC_UL400_.jpg,25,,"FEISIKE Baby Crib Mobile with 3 Modes Musical Box,Volume Control,12 Lullabies,Nursery Crib Toys for Newborn Ages 0 and Older,23 Inches Baby Mobile Arm and 5 Pcs Hanging Toys"
https://m.media-amazon.com/images/I/61n8yTnXsQL._AC_UL400_.jpg,10,,Baby Mobile for Crib Woodland Nursery Room Decor Baby Nursery Decor Jungle Animals Crib Mobile Farm Animals Crib Decorations for Baby Woodland Animals Baby Gifts Felt Nursery Mobiles (Cute Style)
https://m.media-amazon.com/images/I/71fb38wmd7L._AC_UL400_.jpg,32,,"Eners Baby Crib Mobile with Music and Lights, Mobile for Crib with Remote Control, Rotation, Moon and Star Projection, Baby Crib Toys for Boys Girls (Yellow)"
https://m.media-amazon.com/images/I/71aoJhLYpAL._AC_UL400_.jpg,39,,CLYMENE Safari Animals Baby Musical Crib Mobile - Jungle Animals Mobile for Crib with 12 Lullabies for Baby Boys and Girls | Safari Nursery Decor
https://m.media-amazon.com/images/I/71dmPi+WurL._AC_UL400_.jpg,38,,"FEISIKE Crib Mobile for Boys, 3 Modes Musical Mobile for Crib, 12 Lullabies Volume Control(Level 0-100), Claw Type Fit Crib and Bassinet, Dinosaur Jurassic Theme Toys Gray"
https://m.media-amazon.com/images/I/617+-NbGy8L._AC_UL400_.jpg,37,,EVERLOVE | Montessori Baby Mobile for Crib - Black and White Mobile Give Visual Stimulation to Engage Your Newborn - for Boys & Girls
https://m.media-amazon.com/images/I/71wmNVsS9TL._AC_UL400_.jpg,999,,"SAMSUNG Galaxy S23+ Plus Cell Phone, Factory Unlocked Android Smartphone, 256GB, 50MP Camera, Night Mode, Long Battery Life, Adaptive Display, US Version, 2023, Phantom Black"
https://m.media-amazon.com/images/I/51UBZ5pqJ+L._AC_UL400_.jpg,29,,"Handmade Baby Mobile for Crib - Modern Boho Baby Mobile - Felt Nursery Mobile Gender Neutral - Brown Stars, White Clouds and Moon"
https://m.media-amazon.com/images/I/71D3EPK294L._AC_UL400_.jpg,52,,"Lambs & Ivy Jungle Safari Musical Baby Crib Mobile - Gray, Beige, White, Animals"
https://m.media-amazon.com/images/I/71hGxIRYgJL._AC_UL400_.jpg,28,,Forest Baby Mobile Green Leaf Mobile for Crib Mobile with Wooden Bead
https://m.media-amazon.com/images/I/51xufKVWodL._AC_UL400_.jpg,21,,"FEISIKE Baby Crib Mobile Arm, Mobile Arm for Crib Baby Mobile Hanger for Crib Nursery Decor Girls Boys Baby Crib Mobile Holder Arm Hanging Wooden Decoration Attachment Newborn 34 inch"
https://m.media-amazon.com/images/I/51DqRXZvbTL._AC_UL400_.jpg,19,,"Baby Crib Mobile Holder - Wooden Mobile Arm for Crib,Crib Mobile Arm,Mobile Crib Hanger (Wooden Arm)"
https://m.media-amazon.com/images/I/61QqfjDFSgL._AC_UL400_.jpg,23,,"FEISIKE Baby Crib Mobile Arm with Music Box Spin Motor,23 Inch,Volume Control,3 Modes(Turn & Music,Turn Only, Music Only),Nursery Decor Hanger,Holder for DIY Clamp Mobile,12 Lullabies,30 Min Auto-Off"
https://m.media-amazon.com/images/I/717pAxe65QL._AC_UL400_.jpg,,,Mobile
https://m.media-amazon.com/images/I/61zF9ZTlteL._AC_UL400_.jpg,12,,"Euyecety Baby Spiral Plush Toys, Black White Stroller Toy Stretch & Spiral Activity Toy Car Seat Toys, Hanging Rattle Toys for Crib Mobile, Newborn Sensory Toy Best Gift for 0 3 6 9 12 Months Baby-Fox"
https://m.media-amazon.com/images/I/710VW-N5umL._AC_UL400_.jpg,54,,"Tiny Love Meadow Days Soothe 'n Groove Baby Mobile, 1 Count (Pack of 1)"
https://m.media-amazon.com/images/I/614pp24enVL._AC_UL400_.jpg,22,,"VX-star Baby Travel Play Arch Stroller/Crib Accessory,Cloth Animmal Toy and Pram Activity Bar with Rattle/Squeak/Teethers(Stripe)"
https://m.media-amazon.com/images/I/61mDFi+8z5L._AC_UL400_.jpg,22,,"Caterbee Travel Arch Bassinet Toys for Infant & Toddlers, Baby Stroller Toy Crib Accessory & Pram Activity Bar Toy for Indoor and Outdoor (Elephant)"
https://m.media-amazon.com/images/I/61ajguH8LDL._AC_UL400_.jpg,22,,"Eners Baby Play Arch Crib Toys, Activity Arch Toy, Crib Mobile for Pack and Play, Mobile for Bassinet, Crib Toys for Babies Boys Girls (Yellow)"
https://m.media-amazon.com/images/I/71dwcqA-XrL._AC_UL400_.jpg,34,,VTech Soothing Ocean Slumber Mobile
https://m.media-amazon.com/images/I/71qYuOKwo+L._AC_UL400_.jpg,48,,"TUMAMA Baby Crib Mobile,3 in 1 Crib Toys with Remote Control,Projection Night Light, Music and White Noise, Mute Spin Motor Nursery Sensory Toys for Infant 0 3 6 9 Month Newborn Xmas Gift"
https://m.media-amazon.com/images/I/8182CJcXefL._AC_UL400_.jpg,11,,Mobility: A Novel
https://m.media-amazon.com/images/I/71oLcl4WgxL._AC_UL400_.jpg,11,,LISEN Car Phone Holder [Anti-Slip Silicone Design] Cell Phone Holder Car Universal Vent Phone Mount for Car with Clear Material Car Mount for iPhone 14 13 12 11 Pro Max Mini 8 7 6 Plus and More
https://m.media-amazon.com/images/I/618eC0ma-AL._AC_UL400_.jpg,34,,"BOBXIN Baby Mobile for Crib, Crib Mobile with Projector and 108 Melodies Music, Crib Toys with Remote Control and Hanging Rattles Rotating,Gift for Newborn and Baby Boy Girl Sleep"
https://m.media-amazon.com/images/I/61w3RTdVaDL._AC_UL400_.jpg,39,,The Peanutshell Dinosaur Crib Mobile for Baby Boys or Girls | Digital Music Box with 12 lullabies | Green Camo & Dino
https://m.media-amazon.com/images/I/61wbyl7NeWL._AC_UL400_.jpg,32,,Fisher-Price Sound Machine Calming Clouds Mobile & Soother Convertible Crib to Tabletop with Music & Lights for Newborn to Toddler
https://m.media-amazon.com/images/I/615S4vu9WZL._AC_UL400_.jpg,19,,"Vlokup Montessori Mobile, Black and White Woodland Baby Crib Mobile, Neutral Nursery Mobile Decoration for Pack N Play, for Baby Boy & Girl"
https://m.media-amazon.com/images/I/71yfRF+-UEL._AC_UL400_.jpg,49,,"Tiny Love Classic Mobile, Into The Forest, 1 Count (Pack of 1)"
https://m.media-amazon.com/images/I/71flUEATLlL._AC_UL400_.jpg,29,,"Baby Crib Mobile with Music and Lights, Baby Mobile for Crib with Remote Control and Projection, Baby Musical Crib Mobile for Boys Girls Newborn Baby Toys (Grey)"
https://m.media-amazon.com/images/I/71YgLgD5nIL._AC_UL400_.jpg,33,,"Mobil 1 High Mileage Full Synthetic Motor Oil 5W-30, 6-Pack of 1 quarts"
